Metric,WeightedValue
MSE,0.06545050947694109
RMSE,0.14221757732739604
MAE,0.09066459848545491
NRMSE,0.0
SSE,902.82344
SST,1558.71258
Global_R2,0.4207890206416375
