Metric,WeightedValue
MSE,0.015830180486082097
RMSE,0.122922764683491
MAE,0.08461021547205747
NRMSE,1.4105340364999999
SSE,2327.73946
SST,7392.51343
Global_R2,0.6851220519189507
