Metric,WeightedValue
MSE,0.06544645026908257
RMSE,0.14213505859831305
MAE,0.09053020231425762
NRMSE,2.6778394480000003
SSE,1703.8113889999997
SST,3197.8212399999998
Global_R2,0.4671961747930601
